{
"dipole": [    3.37323196910508E+00,-1.73507009502451E+00,-6.95322464317151E-01   ]
}
{
"dipole": [    3.32936738314667E+00,-1.72470073823378E+00,-4.16936600482126E-01   ]
}
{
"dipole": [    3.36937459155275E+00,-1.73416399897167E+00,-6.70805136781509E-01   ]
}
{
"dipole": [    3.37209552795950E+00,-1.73480328547908E+00,-6.88098057948721E-01   ]
}
{
"dipole": [    3.37184556763587E+00,-1.73473646244578E+00,-6.86291705227191E-01   ]
}
{
"dipole": [    3.37147554050437E+00,-1.73461068949803E+00,-6.83360260541247E-01   ]
}
{
"dipole": [    3.37157939715979E+00,-1.73464496952422E+00,-6.83900470282562E-01   ]
}
{
"dipole": [    3.37141235862136E+00,-1.73454299597739E+00,-6.82301839307117E-01   ]
}
{
"dipole": [    3.37206537289168E+00,-1.73464077988090E+00,-6.83690260284127E-01   ]
}
{
"dipole": [    3.37094894727381E+00,-1.73422783892083E+00,-6.85706515696227E-01   ]
}
{
"dipole": [    3.37242321279820E+00,-1.73476655651716E+00,-6.87194549799157E-01   ]
}
{
"dipole": [    3.37281699087460E+00,-1.73464838313310E+00,-6.88457460989604E-01   ]
}
{
"dipole": [    3.37253581606325E+00,-1.73493923722571E+00,-6.89826485500797E-01   ]
}
